"country","iso","freedom","kinship","log_gdppc","log_pop","urban_pct","trade","internet","unemp","log_oilrent","log_gdppc_c"
"Afghanistan","AFG","Not Free",0.77869325876236,5.93400921970131,17.51875735573,25.3939250580909,72.8854696086536,17.1917,14.1,0.0177117229354415,-2.75537163427188
"Angola","AGO","Not Free",0.902841567993164,7.95889242019507,17.3888396727244,69.0506188977513,55.2547732713835,42.0719,14.602,3.37671477634035,-0.730488433778124
"Albania","ALB","Partly Free",0.74128669500351,8.67720965595076,14.7122661147737,57.8643477747383,84.6980435944865,82.6137,10.137,0.714019672624902,-0.0121711980224379
"Argentina","ARG","Free",0.260400414466858,9.49377517837597,17.6311967447748,92.112838186126,31.5801792606256,88.3754,6.805,0.933887904939187,0.804394324402773
"Armenia","ARM","Partly Free",0.503317952156067,8.47449544233489,14.9038031142255,65.5624462874485,103.878629213508,77.0277,13.379,0,-0.214885411638308
"Australia","AUS","Free",0.0815390199422836,11.0219099667808,17.074326875344,87.3343268253813,45.6946418805752,97.0424,3.728,0.234440598912552,2.33252911280758
"Austria","AUT","Free",0.0474708452820778,10.7649508372194,16.0173744680457,68.998085127906,123.579578652902,93.6141,4.992,0.0371067368341495,2.07556998324624
"Belgium","BEL","Free",0.0820950269699097,10.7029465329077,16.2734065146548,87.489200269855,191.179031303786,94.0078,5.57,0.0307945122078139,2.01356567893451
"Benin","BEN","Partly Free",0.993262648582458,7.10537315602497,16.437240125277,50.9627000010887,44.3815928877424,30.0134,1.685,0,-1.58400769794822
"Burkina Faso","BFA","Not Free",0.972275376319885,6.60706404639797,16.9294274754082,27.2791369742712,67.5202901331655,14.6238,5.389,0,-2.08231680757523
"Bangladesh","BGD","Partly Free",0.936245441436768,7.49795533274916,18.9476841803635,31.673734726234,33.7799672705735,41.6165,4.593,0.0310888821232267,-1.19142552122403
"Bulgaria","BGR","Free",0.503865599632263,9.16929626571443,15.6819285739425,73.4799164005224,138.844877241238,79.1269,4.268,0.0192070051334046,0.479915411741233
"Bahamas (the)","BHS","Free",1,10.379301068654,12.8930458059917,81.3200717047725,75.9829601059237,94.7326,9.272,0,1.68992021468077
"Bosnia and Herzegovina","BIH","Partly Free",0.998593032360077,8.75260708419605,14.9801608679574,51.0215287060993,110.205284377387,78.8455,12.657,0,0.0632262302228526
"Belarus","BLR","Not Free",0.269800543785095,8.73337159782437,16.037760592221,78.4732787892908,120.024207576094,89.5073,3.574,0.595592685957781,0.0439907438511771
"Belize","BLZ","Free",0.561718821525574,8.74234446714015,12.9060290903408,42.1373251262137,107.840250086037,71.8096,8.763,0.247080332133579,0.0529636131669591
"Bolivia (Plurinational State of)","BOL","Partly Free",0.353639900684357,8.03535703683384,16.3068261266873,70.6352598708131,57.5249335789631,67.3612,3.552,0.816846844733509,-0.654023817139354
"Brazil","BRA","Free",0.106906943023205,9.10853838131546,19.1640761442495,87.349556243881,38.8160659764321,80.5278,9.231,1.2821712287498,0.419157527342268
"Brunei Darussalam","BRN","Not Free",0.464483141899109,10.2593833392223,13.028865554289,74.7772642014221,146.973965879597,98.9704,5.191,2.43127759829225,1.5700024852491
"Bhutan","BTN","Partly Free",0.75,8.11663594890716,13.5682203075218,40.9365143617581,85.5712165226139,86.2903,5.947,0,-0.572744905066038
"Botswana","BWA","Free",0.860574126243591,8.87620744568946,14.7074643339947,66.5889787170477,85.6117077543432,80.3696,23.615,0,0.186826591716262
"Central African Republic (the)","CAF","Not Free",0.941998958587646,5.98874935921028,15.4443665139478,43.2751967457285,45.23357000162,7.50916,5.956,0,-2.70063149476291
"Canada","CAN","Free",0.125686541199684,10.7293651989757,17.4774281354046,82.3500897353968,67.3176215563989,94,5.279,1.34280874121765,2.03998434500253
"Switzerland","CHE","Free",0,11.4142648925634,15.9876552477288,84.9206266284521,138.500698753519,96.4528,4.122,0.000512158882117614,2.72488403859021
"Chile","CHL","Free",0.399369955062866,9.56683572630033,16.7886411264564,88.6395352768685,75.2016177425303,93.5377,8.249,0.0126183766247932,0.877454872327139
"China","CHN","Not Free",0.82772433757782,9.37844453644979,21.0683969060149,65.2176361083984,37.440719876366,75.6113,4.98,0.268941629989246,0.689063682476595
"Côte d'Ivoire","CIV","Partly Free",0.958266496658325,7.70845487484322,17.2297887449653,52.8492549676673,52.8663910413483,38.4133,2.306,0.53072995257542,-0.980925979129978
"Cameroon","CMR","Not Free",0.965590476989746,7.2852747220074,17.1345129814113,54.8458745688318,41.2866025594679,41.775,3.653,1.21241691200384,-1.4041061319658
"Congo (the Democratic Republic of the)","COD","Not Free",0.87935996055603,6.2412747698068,18.4443676607563,44.003287663813,85.8221691879958,29.4996,4.522,0.500676436371818,-2.44810608416639
"Congo (the)","COG","Not Free",0.802269697189331,7.43011552878257,15.6131036451739,63.6422003342807,98.1613366922001,37.4939,20.108,3.56622811297351,-1.25926532519062
"Colombia","COL","Free",0.295448124408722,8.83298533347299,17.7617019967853,78.0464633137335,48.2826551123359,72.7964,10.547,1.48704988715489,0.143604479499794
"Cabo Verde","CPV","Free",1,8.29349139243742,13.161085889553,75.033738060849,96.9941368513357,72.7601,12.246,0,-0.39588946153577
"Costa Rica","CRI","Free",0.229901701211929,9.52414048517972,15.4411692001559,78.4405687613972,82.2275325353143,82.598,11.325,0.00892583959885334,0.834759631206531
"Cuba","CUB","Not Free",0.30086550116539,8.92961160545669,16.2188292790616,77.1056060791016,93.8607755890525,68.25,1.82,0.200897852491752,0.240230751483491
"Cyprus","CYP","Free",0.358374804258347,10.3536248586095,14.1017190452225,66.6694829407584,205.753543745524,89.601,6.806,0,1.66424400463629
"Czechia","CZE","Free",0.496302098035812,9.93437307870814,16.1831451040479,72.6967638379524,144.011494109397,84.5401,2.224,0.0096106338512901,1.24499222473495
"Germany","DEU","Free",0.0140962321311235,10.7103457478313,18.2364911995554,81.7867852780995,88.7857542130501,91.6298,3.12,0.0139373260574159,2.02096489385809
"Djibouti","DJI","Not Free",1,7.99287249408473,13.9439882018861,72.6109938538856,302.285409231545,63.2573,26.307,0,-0.696508359888469
"Denmark","DNK","Free",0.00364321586675942,10.987134160932,15.5909775222025,88.3880239837703,131.995824909071,97.8601,4.434,0.239245313114858,2.29775330695878
"Dominican Republic (the)","DOM","Partly Free",0.327188193798065,9.07086401972484,16.2341646852199,72.4203155643711,54.3781976712844,81.5127,5.504,0,0.381483165751643
"Algeria","DZA","Not Free",0.752612829208374,8.42166570173465,17.6327258153481,74.1795862354514,51.1900893683897,74.8319,12.346,2.73835729691427,-0.267715152238546
"Ecuador","ECU","Free",0.249737650156021,8.71727197629004,16.6960506429671,63.0901835932266,61.880792818786,69.7181,3.761,2.00191920550453,0.0278911223168414
"Egypt","EGY","Not Free",0.588972091674805,8.30146779606599,18.5395143386894,42.6325129008032,36.9831048772713,72.1981,7.344,1.38274170352399,-0.3879130579072
"Spain","ESP","Free",0.219898551702499,10.2471875112007,17.6822454020467,79.9548794567814,78.4657338703054,94.4855,12.917,0.000151482084300707,1.55780665722753
"Estonia","EST","Free",0.293877512216568,9.95338660136682,14.1147555217805,70.4892333736738,175.68711950524,91.5202,5.571,0.674081181100926,1.26400574739363
"Ethiopia","ETH","Not Free",0.785104513168335,6.69848717847361,18.6468938752817,22.7367687225342,26.5954996967313,16.6981,3.409,0,-1.99089367549958
"Finland","FIN","Free",0.0627816170454025,10.7367476836518,15.5304080611481,73.6967597835949,94.5625340522667,92.9888,6.719,0.0446209987922121,2.04736682967861
"France","FRA","Free",0.196896329522133,10.5679350677669,18.037727193614,78.7591921123356,75.9630077981996,85.3333,7.308,0.00707708495952242,1.87855421379369
"Gabon","GAB","Not Free",0.918410122394562,8.78377655510863,14.7037091754842,91.2243355459988,92.0630888500131,70.7069,20.399,2.80677932656331,0.0943957011354311
"United Kingdom of Great Britain and Northern Ireland (the)","GBR","Free",0.0233560912311077,10.787936881634,18.0291777108603,83.0753982997505,69.1989264413981,96.2989,3.73,0.347936331529569,2.09855602766077
"Georgia","GEO","Partly Free",0.887680172920227,8.65457046590989,15.1272166008135,60.0101622679115,114.695437688718,78.7113,11.647,0.0288740260798188,-0.0348103880633026
"Ghana","GHA","Free",0.867314457893372,7.63395464751255,17.3165276935751,57.250609602871,70.1154557958907,69.3607,3.084,1.62038164632564,-1.05542620646064
"Guinea","GIN","Not Free",0.922457098960876,6.89517902990152,16.4584985096961,37.2384967469106,94.1652726931221,24.6954,5.267,0,-1.79420182407167
"Gambia (the)","GMB","Partly Free",0.985169947147369,6.56623207859609,14.7849514591661,63.2869880996278,44.7219215369466,44.0389,6.076,0,-2.1231487753771
"Guinea-Bissau","GNB","Partly Free",0.914377152919769,6.62393390877044,14.5600772999398,45.1627159118652,45.7584952252858,27.5672,2.666,0,-2.06544694520275
"Equatorial Guinea","GNQ","Not Free",0.974866628646851,8.61690152590422,14.4052647304977,70.8910029445467,81.8130161368099,59.3433,8.455,2.76883306185419,-0.0724793280689724
"Greece","GRC","Free",0.2500259578228,9.93072922219965,16.1608564368075,78.5502190980809,108.121843229922,83.1707,12.426,0.0116250248266341,1.24134836822645
"Guatemala","GTM","Partly Free",0.567186832427979,8.38597886358668,16.6973951235423,55.2581228215265,54.4310384820058,55.4086,3.051,0.111666623020819,-0.30340199038651
"Honduras","HND","Partly Free",0.19850717484951,7.81691015067728,16.1634391201884,57.8364689017254,112.698524913966,56.3896,8.774,0.0010110191517256,-0.872470703295916
"Croatia","HRV","Free",0.999907851219177,9.71824841498798,15.1650478287186,56.9977571733605,125.410877974694,82.0716,6.96,0.24713975459143,1.02886756101478
"Haiti","HTI","Not Free",0.456467986106873,7.13626157378801,16.2581711093996,53.8524949966907,36.529550283828,39.262,14.635,0,-1.55311928018518
"Hungary","HUN","Partly Free",0.489696860313416,9.71037583438189,16.0778020584758,70.1585064243445,185.000204092698,89.1428,3.609,0.168803565990497,1.0209949804087
"Indonesia","IDN","Partly Free",0.447628021240234,8.30025838908929,19.4461147322905,57.4934704226599,45.4646701959453,66.4846,3.462,0.56873314940841,-0.389122464883902
"India","IND","Partly Free",0.776114284992218,7.648840472525,21.0777345974512,34.7555673994206,50.0752701498882,55.9,4.822,0.281872877279138,-1.0405403814482
"Ireland","IRL","Free",0.246499806642532,11.4906137665913,15.4666346034434,63.8920250215059,237.755419559378,96.6206,4.501,0.00194276840921881,2.8012329126181
"Iran (Islamic Republic of)","IRN","Not Free",0.776357173919678,8.60617694248556,18.3100200515849,76.3342208862305,48.9183508223052,79.061,9.085,2.95833659484378,-0.0832039114876295
"Iraq","IRQ","Not Free",0.260775089263916,8.39230940457077,17.6013023395764,69.8682861328125,68.75879409409,78.7156,15.511,3.77933921900415,-0.297071449402422
"Iceland","ISL","Free",0.5,10.9613972077804,12.853183740961,94.1787071228028,93.0487199615013,99.8082,3.789,0,2.27201635380725
"Israel","ISR","Free",0.656655550003052,10.6576448996165,16.0728367445527,91.4979834273327,60.6448526742952,91.8508,3.695,0.0114565836241074,1.96826404564334
"Italy","ITA","Free",0.0635396167635918,10.430930932943,17.8932796191124,69.4839779766539,72.0165023032697,85.0607,8.069,0.0741842292310443,1.74155007896985
"Jordan","JOR","Not Free",0.731710970401764,8.27124208614862,16.2364352428197,92.4048379066163,104.095459439189,90.5,18.2,0.0142611383692913,-0.418138767824578
"Japan","JPN","Free",0.576072692871094,10.497872663331,18.6448237076876,91.9776532428406,46.8129868368938,84.9234,2.6,0.00222883541958328,1.80849180935776
"Kazakhstan","KAZ","Not Free",0.876964032649994,9.31094091865564,16.8129717860147,61.444157327248,68.3343147415612,92.2969,4.86,2.76284147316188,0.621560064682448
"Kenya","KEN","Partly Free",0.87994247674942,7.46595977897293,17.8091589134112,31.4307820066946,40.2753238373561,35,5.707,0,-1.22342107500027
"Kyrgyzstan","KGZ","Not Free",0.953488826751709,7.10017412548183,15.7578744263929,34.7003053497743,133.786718048766,82.5991,4.043,0.0792081968298974,-1.58920672849136
"Cambodia","KHM","Not Free",0.0705993622541428,7.60652379674559,16.6605201693189,40.374616187368,145.873632761406,59.6606,0.231,0.0402122956294575,-1.08285705722761
"Korea (the Republic of)","KOR","Free",0.75,10.4859549231135,17.7604376184003,81.1624941626873,90.5851475278549,97.1686,2.857,0.0279190277065697,1.79657406914033
"Lebanon","LBN","Partly Free",0.65862500667572,8.68423807097632,15.5637515183986,90.206313713022,114.888278265666,82.798,11.6,0,-0.00514278299687909
"Libya","LBY","Not Free",0.952390134334564,8.85404848222905,15.7928923803591,87.8486088593786,156.321684682347,88.6412,19.282,4.04965985991057,0.164667628255856
"Sri Lanka","LKA","Partly Free",0.642068147659302,8.30230190003932,16.9147466245329,19.9877933196367,46.6826080196819,48.3,4.528,0,-0.387078953933878
"Lesotho","LSO","Free",0.753344297409058,6.87473535853808,14.6423622411643,41.6703965165322,142.373981074229,46.5007,16.688,0,-1.81464549543512
"Lithuania","LTU","Free",0.424937754869461,9.84609756646498,14.8563662539191,68.2866452426813,175.651612151093,87.7242,5.955,0.0158227013643335,1.15671671249178
"Luxembourg","LUX","Free",0,11.5849408435151,13.3894901293575,94.7605400940185,412.177169924175,98.242,4.588,0,2.89555998954195
"Latvia","LVA","Free",0.358918607234955,9.70633911029291,14.4464540894502,68.2570218109034,159.892778190649,91.0301,6.815,0.0633497540776693,1.01695825631971
"Morocco","MAR","Partly Free",0.749740600585938,8.11220145757692,17.4352827769091,62.5118468550703,100.906310201651,89.9,9.494,0.00101067420825036,-0.577179396396277
"Moldova (the Republic of)","MDA","Partly Free",0.272905230522156,8.19200441372033,14.7431977033228,42.4048843383789,112.117671579766,76.7412,0.897,0.0116389674089637,-0.497376440252864
"Madagascar","MDG","Partly Free",0.772703289985657,6.08339689972924,17.2311781066202,31.5397813465886,70.5471344130961,18.5532,3.186,0.0805009442419589,-2.60598395424396
"Maldives","MDV","Partly Free",0.5,9.3001807402514,13.1694492329216,41.0641769690663,162.243432933656,83.9119,4.419,0,0.610799886278203
"Mexico","MEX","Partly Free",0.315201699733734,9.21166428757448,18.6723193630111,79.199683215791,88.7984855867186,78.6322,3.256,1.12035543298782,0.522283433601284
"North Macedonia","MKD","Partly Free",0.500497341156006,8.74043709121867,14.420761606618,61.9530566607267,166.147357379878,85.008,14.476,0,0.0510562372454757
"Mali","MLI","Not Free",0.88713139295578,6.7774391033553,16.9541580579331,30.4015705681899,61.5613274861987,34.3797,2.387,0,-1.9119417506179
"Malta","MLT","Free",1,10.3555378148356,13.1827300836105,95.6003155132879,245.160375092004,91.5406,2.921,0,1.66615696086245
"Mongolia","MNG","Free",0.773465514183044,8.34424014360886,15.0491629339379,69.783805847168,136.327929944516,82.1725,6.211,0.915152378983681,-0.34514071036433
"Mozambique","MOZ","Partly Free",0.925022959709167,6.39033947000543,17.3015466970754,35.0536638047945,135.279578416991,18.7913,3.596,0.076324325706367,-2.29904138396776
"Mauritania","MRT","Partly Free",0.904196560382843,7.36312500372402,15.3997613205446,58.8120996197226,102.025899125696,34.3001,10.531,0,-1.32625585024917
"Mauritius","MUS","Free",0.859543323516846,9.27691790459799,14.0486226577875,39.0000125885784,147.663795034012,75.5,6.322,0,0.5875370506248
"Malawi","MWI","Partly Free",0.737564086914062,6.32907142498553,16.8392824220895,16.7146031979436,43.616624856781,17.0457,5.037,0,-2.36030942898767
"Malaysia","MYS","Partly Free",0.47704216837883,9.32292334856996,17.3621203517551,75.9741357073003,146.424604753908,97.3986,3.93,1.04577810702848,0.633542494596766
"Namibia","NAM","Free",0.711286187171936,8.27015424377498,14.8766500982315,49.5291037671807,99.2625547814064,61.1485,19.695,0,-0.419226610198217
"Niger (the)","NER","Partly Free",0.778837919235229,6.34000291392133,17.0467880828612,17.477207007512,52.8061484327332,23.2982,0.418,0.484077997483938,-2.34937794005186
"Nicaragua","NIC","Not Free",0.256293773651123,7.6851236519965,15.7221828737198,58.9954376220703,115.454678712865,49.1307,4.961,0.0203559579354749,-1.00425720197669
"Netherlands (the)","NLD","Free",0.261425882577896,10.8547118044952,16.6891306762311,94.9856177734136,184.107484252682,92.5197,3.526,0.0241062872189231,2.16533095052196
"Norway","NOR","Free",0.00521880341693759,11.2850226506279,15.5124330187581,82.9563661816034,82.6094798361389,99,3.231,1.95493754824407,2.59564179665471
"Nepal","NPL","Partly Free",0.756998896598816,7.0153125410957,17.2071771993995,66.2992968721053,48.9734014799428,53.8878,10.844,0,-1.67406831287749
"New Zealand","NZL","Free",0.614273011684418,10.6681475097146,15.4411564092426,83.8547305017812,53.4761627655817,96.1942,3.297,0.0973595159184058,1.97876665574139
"Pakistan","PAK","Partly Free",0.809174478054047,7.40384120704241,19.3114512555634,38.3740439760816,33.031353478032,24.2103,5.485,0.322226557282382,-1.28553964693078
"Panama","PAN","Free",0.351325243711472,9.67759431136272,15.2972907652764,65.8211343914956,93.4752688168442,77.7041,8.086,0,0.988213457389524
"Peru","PER","Partly Free",0.32791855931282,8.8050027991831,17.3263225338472,84.3663554951194,57.2969759649721,74.675,3.85,0.222426846738795,0.115621945209904
"Philippines (the)","PHL","Partly Free",0.075527586042881,8.18247579656423,18.5513961328576,54.7902343568327,72.4296836107599,75.2111,2.598,0.0336155124034994,-0.506905057408963
"Poland","POL","Free",0.499983996152878,9.75867244865389,17.421599233999,59.8315488048321,123.021332860345,86.9411,2.811,0.0405203271945431,1.06929159468069
"Portugal","PRT","Free",0.499798804521561,10.0007443831296,16.1606120811114,61.1259255772782,101.364146479435,84.4969,6.011,0.0505155156118834,1.31136352915641
"Paraguay","PRY","Partly Free",0.25853356719017,8.73523541818258,15.7266020847168,68.6396537819458,73.7379050218566,76.2592,6.755,0.0704242219666743,0.0458545642093817
"Qatar","QAT","Not Free",0.72108381986618,11.0715580465334,14.7928335462077,99.243997525719,100.213640845612,99.6528,0.13,2.78984317387231,2.38217719256022
"Romania","ROU","Free",0.0666466355323792,9.39900041316681,16.7624990212745,52.1634832477272,93.9496509383447,85.5031,5.614,0.320799330098845,0.709619559193618
"Russian Federation (the)","RUS","Not Free",0.327276945114136,9.22217630021034,18.7869678734608,74.8544893625017,42.7827864294811,90.418,3.867,2.36758544776249,0.532795446237145
"Rwanda","RWA","Not Free",1,6.85479078570671,16.4293255346239,27.7806702737761,61.1450795033651,31.2252,15.084,0,-1.83459006826648
"Saudi Arabia","SAU","Not Free",0.649151384830475,10.1926779091827,17.2867072733492,84.1349430023993,56.8241647749332,100,5.589,3.2062481931624,1.5032970552095
"Senegal","SEN","Partly Free",0.851219534873962,7.26766441853425,16.6863088323088,53.4435061024348,79.5998216515832,59.2246,2.837,0,-1.42171643543894
"Singapore","SGP","Partly Free",0.630525588989258,11.1304755438516,15.5448664698413,100,332.34956775484,95.9539,3.591,0,2.44109468987838
"Solomon Islands","SLB","Free",0.721008777618408,7.48919813061716,13.5684149322936,29.3511689856806,74.8355405329858,42.094,1.483,0,-1.20018272335603
"Sierra Leone","SLE","Partly Free",0.995886385440826,6.98201716714775,15.9289678239685,44.2666343543487,45.0542127390319,19.2287,3.175,0,-1.70736368682545
"El Salvador","SLV","Partly Free",0.280381977558136,8.37930049385716,15.6529313333326,74.1465021298679,88.7011093776867,65.5298,2.999,0.000150407387063841,-0.310080360116038
"Somalia","SOM","Not Free",0.999904036521912,6.13132697722798,16.6948155826175,53.5010115886789,90.7576203077526,27.6,19.05,0,-2.55805387674521
"Slovakia","SVK","Free",0.49962916970253,9.85034148176861,15.5077722918029,53.1902831072528,204.056318531151,89.0677,6.143,0.00176193472797564,1.16096062779541
"Slovenia","SVN","Free",0.994653701782227,10.1375993705995,14.5631819080093,55.3377817873563,186.647076274632,88.9125,4.011,0.0000290010429182947,1.44821851662632
"Sweden","SWE","Free",0.00110693753231317,10.9023566254179,16.1656413267876,88.4038576504809,107.111751826512,95.0097,7.392,0.0268747965703022,2.21297577144472
"Eswatini","SWZ","Not Free",0.935488104820251,8.21491161544066,14.0134733175481,25.396682918542,92.5715871298334,57.465,35.359,0,-0.474469238532537
"Syrian Arab Republic (the)","SYR","Not Free",0.749377846717834,6.56846025151298,16.927343252372,72.6124992370605,35.6094680799956,34.65,13.268,1.61244237584659,-2.12092060246021
"Chad","TCD","Not Free",0.868066430091858,6.75995355137105,16.7308630170306,25.7635558629694,47.9883784319429,12.4865,1.096,2.87647374645951,-1.92942730260214
"Togo","TGO","Partly Free",0.977414011955261,6.75868435459342,16.022656642856,42.7332327975627,61.575092396894,35.5105,1.965,0,-1.93069649937978
"Thailand","THA","Not Free",0.286887437105179,8.74493185124218,18.0884939178288,59.742374420166,132.858712082871,87.9772,0.94,0.393161646476112,0.0555509972689894
"Tajikistan","TJK","Not Free",0.999067187309265,7.18973772908326,16.1361538163888,26.1957126615618,65.4355115893577,53.1078,11.634,0.252439633800697,-1.49964312488993
"Timor-Leste","TLS","Free",0.98520690202713,7.3649971046939,14.1298065668129,28.5857292288968,97.6211103607359,34.5102,1.537,1.8400979772257,-1.32438374927929
"Tonga","TON","Free",0.75,8.41935275165579,11.562115549161,21.147219451842,70.1272756617234,57.7181,2.302,0,-0.270028102317401
"Tunisia","TUN","Partly Free",0.999926090240479,8.29068036628246,16.3103125866006,69.707138648303,116.095794384146,70.5532,15.3,0.935686257228877,-0.398700487690732
"Turkey","TUR","Not Free",0.711278915405273,9.56616518824288,18.2579254688801,89.0381164550781,79.8982722314341,83.4372,10.465,0.129246697500975,0.876784334269681
"Tanzania, the United Republic of","TZA","Partly Free",0.859523594379425,6.97596081260517,17.985454447574,34.8234736377147,35.0034517101994,22.101,2.588,0,-1.71342004136802
"Uganda","UGA","Not Free",0.832318544387817,6.8385060064527,17.6722897179491,29.9251969709665,34.5053019270937,11.1246,2.886,0,-1.85087484752049
"Ukraine","UKR","Partly Free",0.406118035316467,7.53618416964291,17.5302713325095,69.42345912103,87.3965139907244,82.6753,9.834,0.246607692969241,-1.15319668433028
"Uruguay","URY","Free",0.1506487429142,9.8107336740484,15.03660976463,95.4977416992188,61.0307951043821,89.873,7.877,0.00966901920788954,1.1213528200752
"United States of America (the)","USA","Free",0.157959312200546,11.0648575856213,19.6267034088778,80.0324978239707,27.3139397355363,92.2016,3.65,0.477154659378154,2.37547673164815
"Uzbekistan","UZB","Not Free",0.960078835487366,8.18220020776562,17.3691129538085,50.9847412109375,62.8412525378517,83.9,4.49,0.624427327471598,-0.507180646207576
"Viet Nam","VNM","Not Free",0.85529363155365,8.19358354792451,18.4174821840091,37.5478515625,183.153619147836,78.59,1.523,0.51241289218738,-0.495797306048683
"Vanuatu","VUT","Free",0.834302246570587,7.915813725463,12.6541054235802,22.2541249733107,63.5996121674253,45.6747,5.143,0,-0.773567128510196
"Samoa","WSM","Free",0.75,8.31756074593124,12.2796065243524,17.5007949951039,60.8477796541449,57.3288,5.048,0,-0.371820108041959
"South Africa","ZAF","Free",0.693780899047852,8.66334598238841,17.9487297798803,63.4766699210327,64.94713440234,75.4556,33.268,0.33357820046821,-0.0260348715847822
"Zambia","ZMB","Partly Free",0.664122462272644,7.1692330348934,16.8188606421799,44.5988511178469,69.2973154193203,15,5.995,0,-1.5201478190798
"Zimbabwe","ZWE","Not Free",0.898809611797333,7.22198016472909,16.5924059929889,38.7055207169041,55.0673522476036,37.8861,10.087,0.0466629593981203,-1.46740068924411
